LOCATION,INDICATOR,SUBJECT,MEASURE,FREQUENCY,TIME,Value,Flag Codes
AUS,EDUTRY,25_34_MEN,PC_AGE,A,2015,42.491768,
AUS,EDUTRY,25_34_MEN,PC_AGE,A,2016,43.936462,
AUS,EDUTRY,25_34_MEN,PC_AGE,A,2017,44.612118,
AUS,EDUTRY,25_34_MEN,PC_AGE,A,2018,44.018284,
AUS,EDUTRY,25_34_WOMEN,PC_AGE,A,2015,54.411419,
AUS,EDUTRY,25_34_WOMEN,PC_AGE,A,2016,54.610218,
AUS,EDUTRY,25_34_WOMEN,PC_AGE,A,2017,59.257164,
AUS,EDUTRY,25_34_WOMEN,PC_AGE,A,2018,58.589924,
AUS,EDUTRY,55_64_MEN,PC_AGE,A,2015,32.19788,
AUS,EDUTRY,55_64_MEN,PC_AGE,A,2016,32.843246,
AUS,EDUTRY,55_64_MEN,PC_AGE,A,2017,32.669834,
AUS,EDUTRY,55_64_MEN,PC_AGE,A,2018,32.568539,
AUS,EDUTRY,55_64_WOMEN,PC_AGE,A,2015,35.614998,
AUS,EDUTRY,55_64_WOMEN,PC_AGE,A,2016,37.029701,
AUS,EDUTRY,55_64_WOMEN,PC_AGE,A,2017,34.96629,
AUS,EDUTRY,55_64_WOMEN,PC_AGE,A,2018,36.964325,
AUT,EDUTRY,25_34_MEN,PC_AGE,A,2015,35.828575,
AUT,EDUTRY,25_34_MEN,PC_AGE,A,2016,36.188965,
AUT,EDUTRY,25_34_MEN,PC_AGE,A,2017,36.395073,
AUT,EDUTRY,25_34_MEN,PC_AGE,A,2018,36.121803,
AUT,EDUTRY,25_34_WOMEN,PC_AGE,A,2015,41.465881,
AUT,EDUTRY,25_34_WOMEN,PC_AGE,A,2016,43.239613,
AUT,EDUTRY,25_34_WOMEN,PC_AGE,A,2017,44.354355,
AUT,EDUTRY,25_34_WOMEN,PC_AGE,A,2018,44.901649,
AUT,EDUTRY,55_64_MEN,PC_AGE,A,2015,26.720638,
AUT,EDUTRY,55_64_MEN,PC_AGE,A,2016,26.715446,
AUT,EDUTRY,55_64_MEN,PC_AGE,A,2017,27.580761,
AUT,EDUTRY,55_64_MEN,PC_AGE,A,2018,29.438622,
AUT,EDUTRY,55_64_WOMEN,PC_AGE,A,2015,17.095684,
AUT,EDUTRY,55_64_WOMEN,PC_AGE,A,2016,19.185913,
AUT,EDUTRY,55_64_WOMEN,PC_AGE,A,2017,19.455999,
AUT,EDUTRY,55_64_WOMEN,PC_AGE,A,2018,18.386946,
BEL,EDUTRY,25_34_MEN,PC_AGE,A,2015,37.08807,
BEL,EDUTRY,25_34_MEN,PC_AGE,A,2016,37.78709,
BEL,EDUTRY,25_34_MEN,PC_AGE,A,2017,39.970146,
BEL,EDUTRY,25_34_MEN,PC_AGE,A,2018,40.554073,
BEL,EDUTRY,25_34_WOMEN,PC_AGE,A,2015,49.184116,
BEL,EDUTRY,25_34_WOMEN,PC_AGE,A,2016,50.81036,
BEL,EDUTRY,25_34_WOMEN,PC_AGE,A,2017,51.438137,
BEL,EDUTRY,25_34_WOMEN,PC_AGE,A,2018,54.211609,
BEL,EDUTRY,55_64_MEN,PC_AGE,A,2015,27.612232,
BEL,EDUTRY,55_64_MEN,PC_AGE,A,2016,28.204832,
BEL,EDUTRY,55_64_MEN,PC_AGE,A,2017,30.379406,
BEL,EDUTRY,55_64_MEN,PC_AGE,A,2018,30.433994,
BEL,EDUTRY,55_64_WOMEN,PC_AGE,A,2015,26.198746,
BEL,EDUTRY,55_64_WOMEN,PC_AGE,A,2016,26.787697,
BEL,EDUTRY,55_64_WOMEN,PC_AGE,A,2017,30.597071,
BEL,EDUTRY,55_64_WOMEN,PC_AGE,A,2018,30.991295,
CAN,EDUTRY,25_34_MEN,PC_AGE,A,2015,50.290215,
CAN,EDUTRY,25_34_MEN,PC_AGE,A,2016,51.453133,
CAN,EDUTRY,25_34_MEN,PC_AGE,A,2017,52.200241,
CAN,EDUTRY,25_34_MEN,PC_AGE,A,2018,53.008709,
CAN,EDUTRY,25_34_WOMEN,PC_AGE,A,2015,67.995071,
CAN,EDUTRY,25_34_WOMEN,PC_AGE,A,2016,69.626923,
CAN,EDUTRY,25_34_WOMEN,PC_AGE,A,2017,69.563477,
CAN,EDUTRY,25_34_WOMEN,PC_AGE,A,2018,70.465302,
CAN,EDUTRY,55_64_MEN,PC_AGE,A,2015,42.372883,
CAN,EDUTRY,55_64_MEN,PC_AGE,A,2016,42.786068,
CAN,EDUTRY,55_64_MEN,PC_AGE,A,2017,42.938313,
CAN,EDUTRY,55_64_MEN,PC_AGE,A,2018,43.7276,
CAN,EDUTRY,55_64_WOMEN,PC_AGE,A,2015,48.894451,
CAN,EDUTRY,55_64_WOMEN,PC_AGE,A,2016,49.572651,
CAN,EDUTRY,55_64_WOMEN,PC_AGE,A,2017,50.019913,
CAN,EDUTRY,55_64_WOMEN,PC_AGE,A,2018,51.643192,
CZE,EDUTRY,25_34_MEN,PC_AGE,A,2015,24.254749,
CZE,EDUTRY,25_34_MEN,PC_AGE,A,2016,26.493073,
CZE,EDUTRY,25_34_MEN,PC_AGE,A,2017,27.490999,
CZE,EDUTRY,25_34_MEN,PC_AGE,A,2018,26.315504,
CZE,EDUTRY,25_34_WOMEN,PC_AGE,A,2015,38.136539,
CZE,EDUTRY,25_34_WOMEN,PC_AGE,A,2016,38.958477,
CZE,EDUTRY,25_34_WOMEN,PC_AGE,A,2017,40.491436,
CZE,EDUTRY,25_34_WOMEN,PC_AGE,A,2018,40.73127,
CZE,EDUTRY,55_64_MEN,PC_AGE,A,2015,16.758556,
CZE,EDUTRY,55_64_MEN,PC_AGE,A,2016,17.709576,
CZE,EDUTRY,55_64_MEN,PC_AGE,A,2017,18.516216,
CZE,EDUTRY,55_64_MEN,PC_AGE,A,2018,19.221348,
CZE,EDUTRY,55_64_WOMEN,PC_AGE,A,2015,12.289754,
CZE,EDUTRY,55_64_WOMEN,PC_AGE,A,2016,13.488165,
CZE,EDUTRY,55_64_WOMEN,PC_AGE,A,2017,14.671727,
CZE,EDUTRY,55_64_WOMEN,PC_AGE,A,2018,15.366365,
DNK,EDUTRY,25_34_MEN,PC_AGE,A,2015,35.811409,
DNK,EDUTRY,25_34_MEN,PC_AGE,A,2016,38.904057,
DNK,EDUTRY,25_34_MEN,PC_AGE,A,2017,38.130211,
DNK,EDUTRY,25_34_MEN,PC_AGE,A,2018,39.432537,
DNK,EDUTRY,25_34_WOMEN,PC_AGE,A,2015,53.607571,
DNK,EDUTRY,25_34_WOMEN,PC_AGE,A,2016,53.184067,
DNK,EDUTRY,25_34_WOMEN,PC_AGE,A,2017,55.255375,
DNK,EDUTRY,25_34_WOMEN,PC_AGE,A,2018,56.011478,
DNK,EDUTRY,55_64_MEN,PC_AGE,A,2015,24.383425,
DNK,EDUTRY,55_64_MEN,PC_AGE,A,2016,26.021481,
DNK,EDUTRY,55_64_MEN,PC_AGE,A,2017,26.672262,
DNK,EDUTRY,55_64_MEN,PC_AGE,A,2018,25.703304,
DNK,EDUTRY,55_64_WOMEN,PC_AGE,A,2015,32.650047,
DNK,EDUTRY,55_64_WOMEN,PC_AGE,A,2016,33.670322,
DNK,EDUTRY,55_64_WOMEN,PC_AGE,A,2017,34.460278,
DNK,EDUTRY,55_64_WOMEN,PC_AGE,A,2018,34.789459,
FIN,EDUTRY,25_34_MEN,PC_AGE,A,2015,32.554558,
FIN,EDUTRY,25_34_MEN,PC_AGE,A,2016,33.239437,
FIN,EDUTRY,25_34_MEN,PC_AGE,A,2017,33.238636,
FIN,EDUTRY,25_34_MEN,PC_AGE,A,2018,33.522728,
FIN,EDUTRY,25_34_WOMEN,PC_AGE,A,2015,48.932049,
FIN,EDUTRY,25_34_WOMEN,PC_AGE,A,2016,49.549549,
FIN,EDUTRY,25_34_WOMEN,PC_AGE,A,2017,49.7006,
FIN,EDUTRY,25_34_WOMEN,PC_AGE,A,2018,49.549549,
FIN,EDUTRY,55_64_MEN,PC_AGE,A,2015,32.673973,
FIN,EDUTRY,55_64_MEN,PC_AGE,A,2016,33.704735,
FIN,EDUTRY,55_64_MEN,PC_AGE,A,2017,32.86908,
FIN,EDUTRY,55_64_MEN,PC_AGE,A,2018,33.893559,
FIN,EDUTRY,55_64_WOMEN,PC_AGE,A,2015,39.897747,
FIN,EDUTRY,55_64_WOMEN,PC_AGE,A,2016,40.214478,
FIN,EDUTRY,55_64_WOMEN,PC_AGE,A,2017,43.93531,
FIN,EDUTRY,55_64_WOMEN,PC_AGE,A,2018,46.049046,
FRA,EDUTRY,25_34_MEN,PC_AGE,A,2015,40.378212,
FRA,EDUTRY,25_34_MEN,PC_AGE,A,2016,39.250427,
FRA,EDUTRY,25_34_MEN,PC_AGE,A,2017,39.377651,
FRA,EDUTRY,25_34_MEN,PC_AGE,A,2018,42.691631,
FRA,EDUTRY,25_34_WOMEN,PC_AGE,A,2015,48.790272,
FRA,EDUTRY,25_34_WOMEN,PC_AGE,A,2016,48.593956,
FRA,EDUTRY,25_34_WOMEN,PC_AGE,A,2017,49.079353,
FRA,EDUTRY,25_34_WOMEN,PC_AGE,A,2018,50.956715,
FRA,EDUTRY,55_64_MEN,PC_AGE,A,2015,22.013283,
FRA,EDUTRY,55_64_MEN,PC_AGE,A,2016,21.934877,
FRA,EDUTRY,55_64_MEN,PC_AGE,A,2017,22.422531,
FRA,EDUTRY,55_64_MEN,PC_AGE,A,2018,23.341475,
FRA,EDUTRY,55_64_WOMEN,PC_AGE,A,2015,22.228745,
FRA,EDUTRY,55_64_WOMEN,PC_AGE,A,2016,22.17688,
FRA,EDUTRY,55_64_WOMEN,PC_AGE,A,2017,23.178684,
FRA,EDUTRY,55_64_WOMEN,PC_AGE,A,2018,24.57637,
DEU,EDUTRY,25_34_MEN,PC_AGE,A,2015,28.649021,
DEU,EDUTRY,25_34_MEN,PC_AGE,A,2016,29.612112,
DEU,EDUTRY,25_34_MEN,PC_AGE,A,2017,30.206968,
DEU,EDUTRY,25_34_MEN,PC_AGE,A,2018,31.087868,
DEU,EDUTRY,25_34_WOMEN,PC_AGE,A,2015,30.55966,
DEU,EDUTRY,25_34_WOMEN,PC_AGE,A,2016,31.502016,
DEU,EDUTRY,25_34_WOMEN,PC_AGE,A,2017,32.487408,
DEU,EDUTRY,25_34_WOMEN,PC_AGE,A,2018,33.552944,
DEU,EDUTRY,55_64_MEN,PC_AGE,A,2015,31.276136,
DEU,EDUTRY,55_64_MEN,PC_AGE,A,2016,31.963606,
DEU,EDUTRY,55_64_MEN,PC_AGE,A,2017,31.669996,
DEU,EDUTRY,55_64_MEN,PC_AGE,A,2018,31.340109,
DEU,EDUTRY,55_64_WOMEN,PC_AGE,A,2015,20.1891,
DEU,EDUTRY,55_64_WOMEN,PC_AGE,A,2016,20.778545,
DEU,EDUTRY,55_64_WOMEN,PC_AGE,A,2017,21.126007,
DEU,EDUTRY,55_64_WOMEN,PC_AGE,A,2018,21.430338,
GRC,EDUTRY,25_34_MEN,PC_AGE,A,2015,33.987606,
GRC,EDUTRY,25_34_MEN,PC_AGE,A,2016,33.975143,
GRC,EDUTRY,25_34_MEN,PC_AGE,A,2017,35.128967,
GRC,EDUTRY,25_34_MEN,PC_AGE,A,2018,34.959572,
GRC,EDUTRY,25_34_WOMEN,PC_AGE,A,2015,46.339493,
GRC,EDUTRY,25_34_WOMEN,PC_AGE,A,2016,48.219296,
GRC,EDUTRY,25_34_WOMEN,PC_AGE,A,2017,50.0835,
GRC,EDUTRY,25_34_WOMEN,PC_AGE,A,2018,50.959026,
GRC,EDUTRY,55_64_MEN,PC_AGE,A,2015,24.723124,
GRC,EDUTRY,55_64_MEN,PC_AGE,A,2016,24.722359,
GRC,EDUTRY,55_64_MEN,PC_AGE,A,2017,25.500002,
GRC,EDUTRY,55_64_MEN,PC_AGE,A,2018,25.311399,
GRC,EDUTRY,55_64_WOMEN,PC_AGE,A,2015,16.011812,
GRC,EDUTRY,55_64_WOMEN,PC_AGE,A,2016,17.38068,
GRC,EDUTRY,55_64_WOMEN,PC_AGE,A,2017,18.873428,
GRC,EDUTRY,55_64_WOMEN,PC_AGE,A,2018,18.914913,
HUN,EDUTRY,25_34_MEN,PC_AGE,A,2015,26.061165,
HUN,EDUTRY,25_34_MEN,PC_AGE,A,2016,24.419958,
HUN,EDUTRY,25_34_MEN,PC_AGE,A,2017,24.7425,
HUN,EDUTRY,25_34_MEN,PC_AGE,A,2018,24.859505,
HUN,EDUTRY,25_34_WOMEN,PC_AGE,A,2015,38.376514,
HUN,EDUTRY,25_34_WOMEN,PC_AGE,A,2016,36.605305,
HUN,EDUTRY,25_34_WOMEN,PC_AGE,A,2017,35.815434,
HUN,EDUTRY,25_34_WOMEN,PC_AGE,A,2018,36.569099,
HUN,EDUTRY,55_64_MEN,PC_AGE,A,2015,16.953779,
HUN,EDUTRY,55_64_MEN,PC_AGE,A,2016,15.490431,
HUN,EDUTRY,55_64_MEN,PC_AGE,A,2017,16.817644,
HUN,EDUTRY,55_64_MEN,PC_AGE,A,2018,17.159601,
HUN,EDUTRY,55_64_WOMEN,PC_AGE,A,2015,17.930361,
HUN,EDUTRY,55_64_WOMEN,PC_AGE,A,2016,18.716583,
HUN,EDUTRY,55_64_WOMEN,PC_AGE,A,2017,18.436838,
HUN,EDUTRY,55_64_WOMEN,PC_AGE,A,2018,19.104652,
ISL,EDUTRY,25_34_MEN,PC_AGE,A,2015,31.781916,
ISL,EDUTRY,25_34_MEN,PC_AGE,A,2016,34.794014,
ISL,EDUTRY,25_34_MEN,PC_AGE,A,2017,38.851086,
ISL,EDUTRY,25_34_MEN,PC_AGE,A,2018,38.780922,
ISL,EDUTRY,25_34_WOMEN,PC_AGE,A,2015,48.621483,
ISL,EDUTRY,25_34_WOMEN,PC_AGE,A,2016,52.319492,
ISL,EDUTRY,25_34_WOMEN,PC_AGE,A,2017,56.917362,
ISL,EDUTRY,25_34_WOMEN,PC_AGE,A,2018,56.472286,
ISL,EDUTRY,55_64_MEN,PC_AGE,A,2015,25.563486,
ISL,EDUTRY,55_64_MEN,PC_AGE,A,2016,24.742687,
ISL,EDUTRY,55_64_MEN,PC_AGE,A,2017,26.322342,
ISL,EDUTRY,55_64_MEN,PC_AGE,A,2018,24.31649,
ISL,EDUTRY,55_64_WOMEN,PC_AGE,A,2015,32.661865,
ISL,EDUTRY,55_64_WOMEN,PC_AGE,A,2016,33.151237,
ISL,EDUTRY,55_64_WOMEN,PC_AGE,A,2017,34.266857,
ISL,EDUTRY,55_64_WOMEN,PC_AGE,A,2018,37.534351,
IRL,EDUTRY,25_34_MEN,PC_AGE,A,2015,45.817753,
IRL,EDUTRY,25_34_MEN,PC_AGE,A,2017,48.507122,
IRL,EDUTRY,25_34_MEN,PC_AGE,A,2018,52.064148,
IRL,EDUTRY,25_34_WOMEN,PC_AGE,A,2015,57.657177,
IRL,EDUTRY,25_34_WOMEN,PC_AGE,A,2017,58.153481,
IRL,EDUTRY,25_34_WOMEN,PC_AGE,A,2018,60.037949,
IRL,EDUTRY,55_64_MEN,PC_AGE,A,2015,26.609175,
IRL,EDUTRY,55_64_MEN,PC_AGE,A,2017,28.323753,
IRL,EDUTRY,55_64_MEN,PC_AGE,A,2018,29.094973,
IRL,EDUTRY,55_64_WOMEN,PC_AGE,A,2015,27.265135,
IRL,EDUTRY,55_64_WOMEN,PC_AGE,A,2017,31.409607,
IRL,EDUTRY,55_64_WOMEN,PC_AGE,A,2018,33.219032,
ITA,EDUTRY,25_34_MEN,PC_AGE,A,2015,19.365171,
ITA,EDUTRY,25_34_MEN,PC_AGE,A,2016,19.553728,
ITA,EDUTRY,25_34_MEN,PC_AGE,A,2017,20.314354,
ITA,EDUTRY,25_34_MEN,PC_AGE,A,2018,21.572765,
ITA,EDUTRY,25_34_WOMEN,PC_AGE,A,2015,30.990885,
ITA,EDUTRY,25_34_WOMEN,PC_AGE,A,2016,31.704411,
ITA,EDUTRY,25_34_WOMEN,PC_AGE,A,2017,33.454437,
ITA,EDUTRY,25_34_WOMEN,PC_AGE,A,2018,34.041847,
ITA,EDUTRY,55_64_MEN,PC_AGE,A,2015,12.756757,
ITA,EDUTRY,55_64_MEN,PC_AGE,A,2016,12.560128,
ITA,EDUTRY,55_64_MEN,PC_AGE,A,2017,12.644281,
ITA,EDUTRY,55_64_MEN,PC_AGE,A,2018,12.888693,
ITA,EDUTRY,55_64_WOMEN,PC_AGE,A,2015,11.778115,
ITA,EDUTRY,55_64_WOMEN,PC_AGE,A,2016,12.221945,
ITA,EDUTRY,55_64_WOMEN,PC_AGE,A,2017,12.855741,
ITA,EDUTRY,55_64_WOMEN,PC_AGE,A,2018,13.106312,
JPN,EDUTRY,25_34_MEN,PC_AGE,A,2015,58.321274,
JPN,EDUTRY,25_34_MEN,PC_AGE,A,2016,58.136093,
JPN,EDUTRY,25_34_MEN,PC_AGE,A,2017,58.682636,
JPN,EDUTRY,25_34_MEN,PC_AGE,A,2018,57.709923,
JPN,EDUTRY,25_34_WOMEN,PC_AGE,A,2015,61.019489,
JPN,EDUTRY,25_34_WOMEN,PC_AGE,A,2016,62.17458,
JPN,EDUTRY,25_34_WOMEN,PC_AGE,A,2017,62.229103,
JPN,EDUTRY,25_34_WOMEN,PC_AGE,A,2018,63.866879,
JPN,EDUTRY,55_64_MEN,PC_AGE,A,2015,41.47287,
JPN,EDUTRY,55_64_MEN,PC_AGE,A,2016,43.04813,
JPN,EDUTRY,55_64_MEN,PC_AGE,A,2017,43.724697,
JPN,EDUTRY,55_64_MEN,PC_AGE,A,2018,45.788044,
JPN,EDUTRY,55_64_WOMEN,PC_AGE,A,2015,34.968552,
JPN,EDUTRY,55_64_WOMEN,PC_AGE,A,2016,36.493507,
JPN,EDUTRY,55_64_WOMEN,PC_AGE,A,2017,38.471672,
JPN,EDUTRY,55_64_WOMEN,PC_AGE,A,2018,40.266666,
KOR,EDUTRY,25_34_MEN,PC_AGE,A,2015,64.672935,
KOR,EDUTRY,25_34_MEN,PC_AGE,A,2016,65.601265,
KOR,EDUTRY,25_34_MEN,PC_AGE,A,2017,65.122734,
KOR,EDUTRY,25_34_MEN,PC_AGE,A,2018,64.050468,
KOR,EDUTRY,25_34_WOMEN,PC_AGE,A,2015,73.38208,
KOR,EDUTRY,25_34_WOMEN,PC_AGE,A,2016,74.491585,
KOR,EDUTRY,25_34_WOMEN,PC_AGE,A,2017,74.851837,
KOR,EDUTRY,25_34_WOMEN,PC_AGE,A,2018,75.711029,
KOR,EDUTRY,55_64_MEN,PC_AGE,A,2015,26.091993,
KOR,EDUTRY,55_64_MEN,PC_AGE,A,2016,27.602379,
KOR,EDUTRY,55_64_MEN,PC_AGE,A,2017,29.188108,
KOR,EDUTRY,55_64_MEN,PC_AGE,A,2018,30.872976,
KOR,EDUTRY,55_64_WOMEN,PC_AGE,A,2015,10.756877,
KOR,EDUTRY,55_64_WOMEN,PC_AGE,A,2016,11.929082,
KOR,EDUTRY,55_64_WOMEN,PC_AGE,A,2017,13.686517,
KOR,EDUTRY,55_64_WOMEN,PC_AGE,A,2018,15.472882,
LUX,EDUTRY,25_34_MEN,PC_AGE,A,2015,44.709385,
LUX,EDUTRY,25_34_MEN,PC_AGE,A,2016,48.552761,
LUX,EDUTRY,25_34_MEN,PC_AGE,A,2017,47.41264,
LUX,EDUTRY,25_34_MEN,PC_AGE,A,2018,52.496437,
LUX,EDUTRY,25_34_WOMEN,PC_AGE,A,2015,55.120457,
LUX,EDUTRY,25_34_WOMEN,PC_AGE,A,2016,54.404785,
LUX,EDUTRY,25_34_WOMEN,PC_AGE,A,2017,55.344994,
LUX,EDUTRY,25_34_WOMEN,PC_AGE,A,2018,57.033089,
LUX,EDUTRY,55_64_MEN,PC_AGE,A,2015,29.54616,
LUX,EDUTRY,55_64_MEN,PC_AGE,A,2016,32.854256,
LUX,EDUTRY,55_64_MEN,PC_AGE,A,2017,24.874454,
LUX,EDUTRY,55_64_MEN,PC_AGE,A,2018,28.409676,
LUX,EDUTRY,55_64_WOMEN,PC_AGE,A,2015,22.580532,
LUX,EDUTRY,55_64_WOMEN,PC_AGE,A,2016,21.600029,
LUX,EDUTRY,55_64_WOMEN,PC_AGE,A,2017,20.019812,
LUX,EDUTRY,55_64_WOMEN,PC_AGE,A,2018,27.559954,
MEX,EDUTRY,25_34_MEN,PC_AGE,A,2015,20.182451,
MEX,EDUTRY,25_34_MEN,PC_AGE,A,2016,21.913038,
MEX,EDUTRY,25_34_MEN,PC_AGE,A,2017,22.566339,
MEX,EDUTRY,25_34_MEN,PC_AGE,A,2018,22.895041,
MEX,EDUTRY,25_34_WOMEN,PC_AGE,A,2015,21.372725,
MEX,EDUTRY,25_34_WOMEN,PC_AGE,A,2016,21.681087,
MEX,EDUTRY,25_34_WOMEN,PC_AGE,A,2017,22.546261,
MEX,EDUTRY,25_34_WOMEN,PC_AGE,A,2018,23.776047,
MEX,EDUTRY,55_64_MEN,PC_AGE,A,2015,16.165628,
MEX,EDUTRY,55_64_MEN,PC_AGE,A,2016,16.572161,
MEX,EDUTRY,55_64_MEN,PC_AGE,A,2017,17.141891,
MEX,EDUTRY,55_64_MEN,PC_AGE,A,2018,17.729919,
MEX,EDUTRY,55_64_WOMEN,PC_AGE,A,2015,8.6832161,
MEX,EDUTRY,55_64_WOMEN,PC_AGE,A,2016,9.204299,
MEX,EDUTRY,55_64_WOMEN,PC_AGE,A,2017,10.095322,
MEX,EDUTRY,55_64_WOMEN,PC_AGE,A,2018,10.639771,
NLD,EDUTRY,25_34_MEN,PC_AGE,A,2015,40.638214,
NLD,EDUTRY,25_34_MEN,PC_AGE,A,2016,40.29282,
NLD,EDUTRY,25_34_MEN,PC_AGE,A,2017,41.76627,
NLD,EDUTRY,25_34_MEN,PC_AGE,A,2018,42.794514,
NLD,EDUTRY,25_34_WOMEN,PC_AGE,A,2015,49.561886,
NLD,EDUTRY,25_34_WOMEN,PC_AGE,A,2016,50.200306,
NLD,EDUTRY,25_34_WOMEN,PC_AGE,A,2017,51.491245,
NLD,EDUTRY,25_34_WOMEN,PC_AGE,A,2018,52.476837,
NLD,EDUTRY,55_64_MEN,PC_AGE,A,2015,30.943844,
NLD,EDUTRY,55_64_MEN,PC_AGE,A,2016,31.598803,
NLD,EDUTRY,55_64_MEN,PC_AGE,A,2017,31.461798,
NLD,EDUTRY,55_64_MEN,PC_AGE,A,2018,32.628563,
NLD,EDUTRY,55_64_WOMEN,PC_AGE,A,2015,22.899529,
NLD,EDUTRY,55_64_WOMEN,PC_AGE,A,2016,23.240147,
NLD,EDUTRY,55_64_WOMEN,PC_AGE,A,2017,24.329433,
NLD,EDUTRY,55_64_WOMEN,PC_AGE,A,2018,25.494896,
NZL,EDUTRY,25_34_MEN,PC_AGE,A,2015,34.767403,
NZL,EDUTRY,25_34_MEN,PC_AGE,A,2016,40.078972,
NZL,EDUTRY,25_34_MEN,PC_AGE,A,2017,40.085678,
NZL,EDUTRY,25_34_MEN,PC_AGE,A,2018,40.382385,
NZL,EDUTRY,25_34_WOMEN,PC_AGE,A,2015,43.146366,
NZL,EDUTRY,25_34_WOMEN,PC_AGE,A,2016,46.584438,
NZL,EDUTRY,25_34_WOMEN,PC_AGE,A,2017,48.143711,
NZL,EDUTRY,25_34_WOMEN,PC_AGE,A,2018,51.172768,
NZL,EDUTRY,55_64_MEN,PC_AGE,A,2015,25.74103,
NZL,EDUTRY,55_64_MEN,PC_AGE,A,2016,26.805716,
NZL,EDUTRY,55_64_MEN,PC_AGE,A,2017,29.07456,
NZL,EDUTRY,55_64_MEN,PC_AGE,A,2018,30.937614,
NZL,EDUTRY,55_64_WOMEN,PC_AGE,A,2015,29.07489,
NZL,EDUTRY,55_64_WOMEN,PC_AGE,A,2016,29.560202,
NZL,EDUTRY,55_64_WOMEN,PC_AGE,A,2017,29.852839,
NZL,EDUTRY,55_64_WOMEN,PC_AGE,A,2018,29.881155,
NOR,EDUTRY,25_34_MEN,PC_AGE,A,2015,39.700996,
NOR,EDUTRY,25_34_MEN,PC_AGE,A,2016,40.295242,
NOR,EDUTRY,25_34_MEN,PC_AGE,A,2017,41.666668,
NOR,EDUTRY,25_34_MEN,PC_AGE,A,2018,40.696556,
NOR,EDUTRY,25_34_WOMEN,PC_AGE,A,2015,57.034443,
NOR,EDUTRY,25_34_WOMEN,PC_AGE,A,2016,57.339451,
NOR,EDUTRY,25_34_WOMEN,PC_AGE,A,2017,55.340908,
NOR,EDUTRY,25_34_WOMEN,PC_AGE,A,2018,56.066051,
NOR,EDUTRY,55_64_MEN,PC_AGE,A,2015,33.333332,
NOR,EDUTRY,55_64_MEN,PC_AGE,A,2016,32.598835,
NOR,EDUTRY,55_64_MEN,PC_AGE,A,2017,31.884985,
NOR,EDUTRY,55_64_MEN,PC_AGE,A,2018,32.945663,
NOR,EDUTRY,55_64_WOMEN,PC_AGE,A,2015,32.37458,
NOR,EDUTRY,55_64_WOMEN,PC_AGE,A,2016,33.355392,
NOR,EDUTRY,55_64_WOMEN,PC_AGE,A,2017,34.512115,
NOR,EDUTRY,55_64_WOMEN,PC_AGE,A,2018,35.638885,
POL,EDUTRY,25_34_MEN,PC_AGE,A,2015,34.041798,
POL,EDUTRY,25_34_MEN,PC_AGE,A,2016,33.870968,
POL,EDUTRY,25_34_MEN,PC_AGE,A,2017,33.785271,
POL,EDUTRY,25_34_MEN,PC_AGE,A,2018,33.825756,
POL,EDUTRY,25_34_WOMEN,PC_AGE,A,2015,52.783966,
POL,EDUTRY,25_34_WOMEN,PC_AGE,A,2016,53.551296,
POL,EDUTRY,25_34_WOMEN,PC_AGE,A,2017,53.719326,
POL,EDUTRY,25_34_WOMEN,PC_AGE,A,2018,53.663368,
POL,EDUTRY,55_64_MEN,PC_AGE,A,2015,12.156407,
POL,EDUTRY,55_64_MEN,PC_AGE,A,2016,12.093576,
POL,EDUTRY,55_64_MEN,PC_AGE,A,2017,12.894098,
POL,EDUTRY,55_64_MEN,PC_AGE,A,2018,12.758906,
POL,EDUTRY,55_64_WOMEN,PC_AGE,A,2015,14.899515,
POL,EDUTRY,55_64_WOMEN,PC_AGE,A,2016,15.499467,
POL,EDUTRY,55_64_WOMEN,PC_AGE,A,2017,17.103348,
POL,EDUTRY,55_64_WOMEN,PC_AGE,A,2018,17.627245,
PRT,EDUTRY,25_34_MEN,PC_AGE,A,2015,25.419878,
PRT,EDUTRY,25_34_MEN,PC_AGE,A,2016,26.873711,
PRT,EDUTRY,25_34_MEN,PC_AGE,A,2017,25.582279,
PRT,EDUTRY,25_34_MEN,PC_AGE,A,2018,25.723314,
PRT,EDUTRY,25_34_WOMEN,PC_AGE,A,2015,40.619209,
PRT,EDUTRY,25_34_WOMEN,PC_AGE,A,2016,42.855698,
PRT,EDUTRY,25_34_WOMEN,PC_AGE,A,2017,42.264629,
PRT,EDUTRY,25_34_WOMEN,PC_AGE,A,2018,44.25161,
PRT,EDUTRY,55_64_MEN,PC_AGE,A,2015,11.627037,
PRT,EDUTRY,55_64_MEN,PC_AGE,A,2016,11.679885,
PRT,EDUTRY,55_64_MEN,PC_AGE,A,2017,11.506812,
PRT,EDUTRY,55_64_MEN,PC_AGE,A,2018,11.890877,
PRT,EDUTRY,55_64_WOMEN,PC_AGE,A,2015,13.954796,
PRT,EDUTRY,55_64_WOMEN,PC_AGE,A,2016,14.447331,
PRT,EDUTRY,55_64_WOMEN,PC_AGE,A,2017,14.71885,
PRT,EDUTRY,55_64_WOMEN,PC_AGE,A,2018,16.242765,
SVK,EDUTRY,25_34_MEN,PC_AGE,A,2015,23.460257,
SVK,EDUTRY,25_34_MEN,PC_AGE,A,2016,25.682783,
SVK,EDUTRY,25_34_MEN,PC_AGE,A,2017,27.231159,
SVK,EDUTRY,25_34_MEN,PC_AGE,A,2018,29.962803,
SVK,EDUTRY,25_34_WOMEN,PC_AGE,A,2015,39.54351,
SVK,EDUTRY,25_34_WOMEN,PC_AGE,A,2016,41.422634,
SVK,EDUTRY,25_34_WOMEN,PC_AGE,A,2017,43.26701,
SVK,EDUTRY,25_34_WOMEN,PC_AGE,A,2018,44.776665,
SVK,EDUTRY,55_64_MEN,PC_AGE,A,2015,15.184932,
SVK,EDUTRY,55_64_MEN,PC_AGE,A,2016,16.006721,
SVK,EDUTRY,55_64_MEN,PC_AGE,A,2017,16.902061,
SVK,EDUTRY,55_64_MEN,PC_AGE,A,2018,15.995269,
SVK,EDUTRY,55_64_WOMEN,PC_AGE,A,2015,11.771562,
SVK,EDUTRY,55_64_WOMEN,PC_AGE,A,2016,11.999271,
SVK,EDUTRY,55_64_WOMEN,PC_AGE,A,2017,14.684527,
SVK,EDUTRY,55_64_WOMEN,PC_AGE,A,2018,15.213073,
ESP,EDUTRY,25_34_MEN,PC_AGE,A,2015,34.895836,
ESP,EDUTRY,25_34_MEN,PC_AGE,A,2016,34.964149,
ESP,EDUTRY,25_34_MEN,PC_AGE,A,2017,36.455181,
ESP,EDUTRY,25_34_MEN,PC_AGE,A,2018,38.390041,
ESP,EDUTRY,25_34_WOMEN,PC_AGE,A,2015,47.006115,
ESP,EDUTRY,25_34_WOMEN,PC_AGE,A,2016,46.955589,
ESP,EDUTRY,25_34_WOMEN,PC_AGE,A,2017,48.791534,
ESP,EDUTRY,25_34_WOMEN,PC_AGE,A,2018,50.102829,
ESP,EDUTRY,55_64_MEN,PC_AGE,A,2015,25.712437,
ESP,EDUTRY,55_64_MEN,PC_AGE,A,2016,24.803646,
ESP,EDUTRY,55_64_MEN,PC_AGE,A,2017,25.320992,
ESP,EDUTRY,55_64_MEN,PC_AGE,A,2018,26.217663,
ESP,EDUTRY,55_64_WOMEN,PC_AGE,A,2015,20.025761,
ESP,EDUTRY,55_64_WOMEN,PC_AGE,A,2016,21.707693,
ESP,EDUTRY,55_64_WOMEN,PC_AGE,A,2017,23.069948,
ESP,EDUTRY,55_64_WOMEN,PC_AGE,A,2018,24.025379,
SWE,EDUTRY,25_34_MEN,PC_AGE,A,2015,38.802761,
SWE,EDUTRY,25_34_MEN,PC_AGE,A,2016,39.489223,
SWE,EDUTRY,25_34_MEN,PC_AGE,A,2017,40.406929,
SWE,EDUTRY,25_34_MEN,PC_AGE,A,2018,40.484299,
SWE,EDUTRY,25_34_WOMEN,PC_AGE,A,2015,54.387379,
SWE,EDUTRY,25_34_WOMEN,PC_AGE,A,2016,55.361866,
SWE,EDUTRY,25_34_WOMEN,PC_AGE,A,2017,54.770424,
SWE,EDUTRY,25_34_WOMEN,PC_AGE,A,2018,54.923016,
SWE,EDUTRY,55_64_MEN,PC_AGE,A,2015,23.865429,
SWE,EDUTRY,55_64_MEN,PC_AGE,A,2016,24.886404,
SWE,EDUTRY,55_64_MEN,PC_AGE,A,2017,25.228992,
SWE,EDUTRY,55_64_MEN,PC_AGE,A,2018,26.387457,
SWE,EDUTRY,55_64_WOMEN,PC_AGE,A,2015,35.957634,
SWE,EDUTRY,55_64_WOMEN,PC_AGE,A,2016,36.744759,
SWE,EDUTRY,55_64_WOMEN,PC_AGE,A,2017,37.040993,
SWE,EDUTRY,55_64_WOMEN,PC_AGE,A,2018,38.847195,
CHE,EDUTRY,25_34_MEN,PC_AGE,A,2015,44.711441,
CHE,EDUTRY,25_34_MEN,PC_AGE,A,2016,48.757362,
CHE,EDUTRY,25_34_MEN,PC_AGE,A,2017,49.306881,
CHE,EDUTRY,25_34_MEN,PC_AGE,A,2018,48.8242,
CHE,EDUTRY,25_34_WOMEN,PC_AGE,A,2015,48.339283,
CHE,EDUTRY,25_34_WOMEN,PC_AGE,A,2016,48.935406,
CHE,EDUTRY,25_34_WOMEN,PC_AGE,A,2017,51.008404,
CHE,EDUTRY,25_34_WOMEN,PC_AGE,A,2018,53.683342,
CHE,EDUTRY,55_64_MEN,PC_AGE,A,2015,38.683048,
CHE,EDUTRY,55_64_MEN,PC_AGE,A,2016,39.983116,
CHE,EDUTRY,55_64_MEN,PC_AGE,A,2017,40.780769,
CHE,EDUTRY,55_64_MEN,PC_AGE,A,2018,41.80386,
CHE,EDUTRY,55_64_WOMEN,PC_AGE,A,2015,22.475048,
CHE,EDUTRY,55_64_WOMEN,PC_AGE,A,2016,23.235647,
CHE,EDUTRY,55_64_WOMEN,PC_AGE,A,2017,23.901373,
CHE,EDUTRY,55_64_WOMEN,PC_AGE,A,2018,25.343945,
TUR,EDUTRY,25_34_MEN,PC_AGE,A,2015,27.800226,
TUR,EDUTRY,25_34_MEN,PC_AGE,A,2016,30.595919,
TUR,EDUTRY,25_34_MEN,PC_AGE,A,2017,31.39535,
TUR,EDUTRY,25_34_MEN,PC_AGE,A,2018,32.705959,
TUR,EDUTRY,25_34_WOMEN,PC_AGE,A,2015,27.218328,
TUR,EDUTRY,25_34_WOMEN,PC_AGE,A,2016,30.310303,
TUR,EDUTRY,25_34_WOMEN,PC_AGE,A,2017,31.791609,
TUR,EDUTRY,25_34_WOMEN,PC_AGE,A,2018,33.876781,
TUR,EDUTRY,55_64_MEN,PC_AGE,A,2015,12.408059,
TUR,EDUTRY,55_64_MEN,PC_AGE,A,2016,12.427125,
TUR,EDUTRY,55_64_MEN,PC_AGE,A,2017,11.799237,
TUR,EDUTRY,55_64_MEN,PC_AGE,A,2018,11.980785,
TUR,EDUTRY,55_64_WOMEN,PC_AGE,A,2015,7.4280806,
TUR,EDUTRY,55_64_WOMEN,PC_AGE,A,2016,7.2206535,
TUR,EDUTRY,55_64_WOMEN,PC_AGE,A,2017,7.1374621,
TUR,EDUTRY,55_64_WOMEN,PC_AGE,A,2018,7.5391183,
GBR,EDUTRY,25_34_MEN,PC_AGE,A,2015,47.563984,
GBR,EDUTRY,25_34_MEN,PC_AGE,A,2016,50.463406,
GBR,EDUTRY,25_34_MEN,PC_AGE,A,2017,49.625187,
GBR,EDUTRY,25_34_MEN,PC_AGE,A,2018,47.5956,
GBR,EDUTRY,25_34_WOMEN,PC_AGE,A,2015,52.303894,
GBR,EDUTRY,25_34_WOMEN,PC_AGE,A,2016,53.084339,
GBR,EDUTRY,25_34_WOMEN,PC_AGE,A,2017,53.631168,
GBR,EDUTRY,25_34_WOMEN,PC_AGE,A,2018,53.887444,
GBR,EDUTRY,55_64_MEN,PC_AGE,A,2015,37.425922,
GBR,EDUTRY,55_64_MEN,PC_AGE,A,2016,38.792221,
GBR,EDUTRY,55_64_MEN,PC_AGE,A,2017,37.072495,
GBR,EDUTRY,55_64_MEN,PC_AGE,A,2018,36.233902,
GBR,EDUTRY,55_64_WOMEN,PC_AGE,A,2015,35.319256,
GBR,EDUTRY,55_64_WOMEN,PC_AGE,A,2016,36.333485,
GBR,EDUTRY,55_64_WOMEN,PC_AGE,A,2017,36.773117,
GBR,EDUTRY,55_64_WOMEN,PC_AGE,A,2018,36.994377,
USA,EDUTRY,25_34_MEN,PC_AGE,A,2015,42.339211,
USA,EDUTRY,25_34_MEN,PC_AGE,A,2016,43.488136,
USA,EDUTRY,25_34_MEN,PC_AGE,A,2017,43.284161,
USA,EDUTRY,25_34_MEN,PC_AGE,A,2018,44.695847,
USA,EDUTRY,25_34_WOMEN,PC_AGE,A,2015,50.666828,
USA,EDUTRY,25_34_WOMEN,PC_AGE,A,2016,51.542049,
USA,EDUTRY,25_34_WOMEN,PC_AGE,A,2017,52.228119,
USA,EDUTRY,25_34_WOMEN,PC_AGE,A,2018,54.077866,
USA,EDUTRY,55_64_MEN,PC_AGE,A,2015,40.716343,
USA,EDUTRY,55_64_MEN,PC_AGE,A,2016,40.98801,
USA,EDUTRY,55_64_MEN,PC_AGE,A,2017,40.775661,
USA,EDUTRY,55_64_MEN,PC_AGE,A,2018,41.647774,
USA,EDUTRY,55_64_WOMEN,PC_AGE,A,2015,42.10799,
USA,EDUTRY,55_64_WOMEN,PC_AGE,A,2016,42.775101,
USA,EDUTRY,55_64_WOMEN,PC_AGE,A,2017,43.185989,
USA,EDUTRY,55_64_WOMEN,PC_AGE,A,2018,43.546761,
ARG,EDUTRY,25_34_MEN,PC_AGE,A,2017,14.833221,
ARG,EDUTRY,25_34_MEN,PC_AGE,A,2018,34.270885,
ARG,EDUTRY,25_34_WOMEN,PC_AGE,A,2017,21.919725,
ARG,EDUTRY,25_34_WOMEN,PC_AGE,A,2018,45.451786,
ARG,EDUTRY,55_64_MEN,PC_AGE,A,2017,19.279295,
ARG,EDUTRY,55_64_MEN,PC_AGE,A,2018,27.709393,
ARG,EDUTRY,55_64_WOMEN,PC_AGE,A,2017,23.402481,
ARG,EDUTRY,55_64_WOMEN,PC_AGE,A,2018,30.88472,
BRA,EDUTRY,25_34_MEN,PC_AGE,A,2015,13.585521,
BRA,EDUTRY,25_34_MEN,PC_AGE,A,2016,16.399757,
BRA,EDUTRY,25_34_MEN,PC_AGE,A,2017,16.212769,
BRA,EDUTRY,25_34_WOMEN,PC_AGE,A,2015,19.5411,
BRA,EDUTRY,25_34_WOMEN,PC_AGE,A,2016,22.85742,
BRA,EDUTRY,25_34_WOMEN,PC_AGE,A,2017,22.782978,
BRA,EDUTRY,55_64_MEN,PC_AGE,A,2015,10.805393,
BRA,EDUTRY,55_64_MEN,PC_AGE,A,2016,12.84665,
BRA,EDUTRY,55_64_MEN,PC_AGE,A,2017,12.711094,
BRA,EDUTRY,55_64_WOMEN,PC_AGE,A,2015,12.092324,
BRA,EDUTRY,55_64_WOMEN,PC_AGE,A,2016,14.485666,
BRA,EDUTRY,55_64_WOMEN,PC_AGE,A,2017,14.590419,
CHL,EDUTRY,25_34_MEN,PC_AGE,A,2015,28.252195,
CHL,EDUTRY,25_34_MEN,PC_AGE,A,2017,30.30407,
CHL,EDUTRY,25_34_WOMEN,PC_AGE,A,2015,31.385794,
CHL,EDUTRY,25_34_WOMEN,PC_AGE,A,2017,36.947353,
CHL,EDUTRY,55_64_MEN,PC_AGE,A,2015,16.125546,
CHL,EDUTRY,55_64_MEN,PC_AGE,A,2017,16.544479,
CHL,EDUTRY,55_64_WOMEN,PC_AGE,A,2015,15.157792,
CHL,EDUTRY,55_64_WOMEN,PC_AGE,A,2017,15.567773,
COL,EDUTRY,25_34_MEN,PC_AGE,A,2015,23.737947,
COL,EDUTRY,25_34_MEN,PC_AGE,A,2016,24.568928,
COL,EDUTRY,25_34_MEN,PC_AGE,A,2017,24.494473,
COL,EDUTRY,25_34_MEN,PC_AGE,A,2018,24.737486,
COL,EDUTRY,25_34_WOMEN,PC_AGE,A,2015,31.033789,
COL,EDUTRY,25_34_WOMEN,PC_AGE,A,2016,31.45447,
COL,EDUTRY,25_34_WOMEN,PC_AGE,A,2017,31.621038,
COL,EDUTRY,25_34_WOMEN,PC_AGE,A,2018,33.087116,
COL,EDUTRY,55_64_MEN,PC_AGE,A,2015,15.451492,
COL,EDUTRY,55_64_MEN,PC_AGE,A,2016,15.20825,
COL,EDUTRY,55_64_MEN,PC_AGE,A,2017,14.977263,
COL,EDUTRY,55_64_MEN,PC_AGE,A,2018,15.76186,
COL,EDUTRY,55_64_WOMEN,PC_AGE,A,2015,14.193647,
COL,EDUTRY,55_64_WOMEN,PC_AGE,A,2016,14.522258,
COL,EDUTRY,55_64_WOMEN,PC_AGE,A,2017,14.376122,
COL,EDUTRY,55_64_WOMEN,PC_AGE,A,2018,15.143928,
CRI,EDUTRY,25_34_MEN,PC_AGE,A,2015,25.91518,
CRI,EDUTRY,25_34_MEN,PC_AGE,A,2016,24.495363,
CRI,EDUTRY,25_34_MEN,PC_AGE,A,2017,24.225754,
CRI,EDUTRY,25_34_MEN,PC_AGE,A,2018,24.681227,
CRI,EDUTRY,25_34_WOMEN,PC_AGE,A,2015,30.952087,
CRI,EDUTRY,25_34_WOMEN,PC_AGE,A,2016,33.368996,
CRI,EDUTRY,25_34_WOMEN,PC_AGE,A,2017,31.982597,
CRI,EDUTRY,25_34_WOMEN,PC_AGE,A,2018,31.225775,
CRI,EDUTRY,55_64_MEN,PC_AGE,A,2015,22.019159,
CRI,EDUTRY,55_64_MEN,PC_AGE,A,2016,21.263729,
CRI,EDUTRY,55_64_MEN,PC_AGE,A,2017,19.981247,
CRI,EDUTRY,55_64_MEN,PC_AGE,A,2018,18.468073,
CRI,EDUTRY,55_64_WOMEN,PC_AGE,A,2015,18.608187,
CRI,EDUTRY,55_64_WOMEN,PC_AGE,A,2016,21.304062,
CRI,EDUTRY,55_64_WOMEN,PC_AGE,A,2017,18.262661,
CRI,EDUTRY,55_64_WOMEN,PC_AGE,A,2018,17.730862,
EST,EDUTRY,25_34_MEN,PC_AGE,A,2015,30.701208,
EST,EDUTRY,25_34_MEN,PC_AGE,A,2016,31.924709,
EST,EDUTRY,25_34_MEN,PC_AGE,A,2017,33.998188,
EST,EDUTRY,25_34_MEN,PC_AGE,A,2018,34.154892,
EST,EDUTRY,25_34_WOMEN,PC_AGE,A,2015,50.96386,
EST,EDUTRY,25_34_WOMEN,PC_AGE,A,2016,50.893799,
EST,EDUTRY,25_34_WOMEN,PC_AGE,A,2017,52.836788,
EST,EDUTRY,25_34_WOMEN,PC_AGE,A,2018,53.976891,
EST,EDUTRY,55_64_MEN,PC_AGE,A,2015,27.747494,
EST,EDUTRY,55_64_MEN,PC_AGE,A,2016,25.815125,
EST,EDUTRY,55_64_MEN,PC_AGE,A,2017,27.441233,
EST,EDUTRY,55_64_MEN,PC_AGE,A,2018,28.001137,
EST,EDUTRY,55_64_WOMEN,PC_AGE,A,2015,41.599087,
EST,EDUTRY,55_64_WOMEN,PC_AGE,A,2016,44.484772,
EST,EDUTRY,55_64_WOMEN,PC_AGE,A,2017,43.754898,
EST,EDUTRY,55_64_WOMEN,PC_AGE,A,2018,46.4757,
IDN,EDUTRY,25_34_MEN,PC_AGE,A,2015,12.505861,
IDN,EDUTRY,25_34_MEN,PC_AGE,A,2016,13.499408,
IDN,EDUTRY,25_34_MEN,PC_AGE,A,2017,14.419459,
IDN,EDUTRY,25_34_WOMEN,PC_AGE,A,2015,14.9617,
IDN,EDUTRY,25_34_WOMEN,PC_AGE,A,2016,16.636263,
IDN,EDUTRY,25_34_WOMEN,PC_AGE,A,2017,17.803345,
IDN,EDUTRY,55_64_MEN,PC_AGE,A,2015,7.6660237,
IDN,EDUTRY,55_64_MEN,PC_AGE,A,2016,8.3113565,
IDN,EDUTRY,55_64_MEN,PC_AGE,A,2017,8.6506348,
IDN,EDUTRY,55_64_WOMEN,PC_AGE,A,2015,4.8509822,
IDN,EDUTRY,55_64_WOMEN,PC_AGE,A,2016,5.1362967,
IDN,EDUTRY,55_64_WOMEN,PC_AGE,A,2017,5.7551827,
ISR,EDUTRY,25_34_MEN,PC_AGE,A,2015,36.208138,
ISR,EDUTRY,25_34_MEN,PC_AGE,A,2016,38.179321,
ISR,EDUTRY,25_34_MEN,PC_AGE,A,2017,38.140614,
ISR,EDUTRY,25_34_WOMEN,PC_AGE,A,2015,55.562275,
ISR,EDUTRY,25_34_WOMEN,PC_AGE,A,2016,56.627678,
ISR,EDUTRY,25_34_WOMEN,PC_AGE,A,2017,57.830025,
ISR,EDUTRY,55_64_MEN,PC_AGE,A,2015,46.223766,
ISR,EDUTRY,55_64_MEN,PC_AGE,A,2016,45.917419,
ISR,EDUTRY,55_64_MEN,PC_AGE,A,2017,46.658871,
ISR,EDUTRY,55_64_WOMEN,PC_AGE,A,2015,48.180527,
ISR,EDUTRY,55_64_WOMEN,PC_AGE,A,2016,49.250195,
ISR,EDUTRY,55_64_WOMEN,PC_AGE,A,2017,49.540703,
LVA,EDUTRY,25_34_MEN,PC_AGE,A,2015,25.992546,
LVA,EDUTRY,25_34_MEN,PC_AGE,A,2016,30.109747,
LVA,EDUTRY,25_34_MEN,PC_AGE,A,2017,29.772301,
LVA,EDUTRY,25_34_MEN,PC_AGE,A,2018,30.008625,
LVA,EDUTRY,25_34_WOMEN,PC_AGE,A,2015,54.350147,
LVA,EDUTRY,25_34_WOMEN,PC_AGE,A,2016,54.583336,
LVA,EDUTRY,25_34_WOMEN,PC_AGE,A,2017,53.908867,
LVA,EDUTRY,25_34_WOMEN,PC_AGE,A,2018,53.783482,
LVA,EDUTRY,55_64_MEN,PC_AGE,A,2015,20.838478,
LVA,EDUTRY,55_64_MEN,PC_AGE,A,2016,20.534487,
LVA,EDUTRY,55_64_MEN,PC_AGE,A,2017,21.985149,
LVA,EDUTRY,55_64_MEN,PC_AGE,A,2018,20.499758,
LVA,EDUTRY,55_64_WOMEN,PC_AGE,A,2015,27.754908,
LVA,EDUTRY,55_64_WOMEN,PC_AGE,A,2016,32.049805,
LVA,EDUTRY,55_64_WOMEN,PC_AGE,A,2017,31.151505,
LVA,EDUTRY,55_64_WOMEN,PC_AGE,A,2018,30.163712,
LTU,EDUTRY,25_34_MEN,PC_AGE,A,2015,45.04705,
LTU,EDUTRY,25_34_MEN,PC_AGE,A,2016,44.19096,
LTU,EDUTRY,25_34_MEN,PC_AGE,A,2017,46.176331,
LTU,EDUTRY,25_34_MEN,PC_AGE,A,2018,46.562782,
LTU,EDUTRY,25_34_WOMEN,PC_AGE,A,2015,64.908134,
LTU,EDUTRY,25_34_WOMEN,PC_AGE,A,2016,66.132767,
LTU,EDUTRY,25_34_WOMEN,PC_AGE,A,2017,65.60405,
LTU,EDUTRY,25_34_WOMEN,PC_AGE,A,2018,65.24353,
LTU,EDUTRY,55_64_MEN,PC_AGE,A,2015,24.083473,
LTU,EDUTRY,55_64_MEN,PC_AGE,A,2016,23.527922,
LTU,EDUTRY,55_64_MEN,PC_AGE,A,2017,22.154461,
LTU,EDUTRY,55_64_MEN,PC_AGE,A,2018,23.284945,
LTU,EDUTRY,55_64_WOMEN,PC_AGE,A,2015,33.83633,
LTU,EDUTRY,55_64_WOMEN,PC_AGE,A,2016,36.362591,
LTU,EDUTRY,55_64_WOMEN,PC_AGE,A,2017,35.274055,
LTU,EDUTRY,55_64_WOMEN,PC_AGE,A,2018,35.575073,
RUS,EDUTRY,25_34_MEN,PC_AGE,A,2015,48.809124,
RUS,EDUTRY,25_34_MEN,PC_AGE,A,2016,50.480164,
RUS,EDUTRY,25_34_MEN,PC_AGE,A,2017,55.966721,
RUS,EDUTRY,25_34_WOMEN,PC_AGE,A,2015,63.700974,
RUS,EDUTRY,25_34_WOMEN,PC_AGE,A,2016,64.621063,
RUS,EDUTRY,25_34_WOMEN,PC_AGE,A,2017,69.525665,
RUS,EDUTRY,55_64_MEN,PC_AGE,A,2015,39.002609,
RUS,EDUTRY,55_64_MEN,PC_AGE,A,2016,38.923737,
RUS,EDUTRY,55_64_MEN,PC_AGE,A,2017,42.942158,
RUS,EDUTRY,55_64_WOMEN,PC_AGE,A,2015,53.8423,
RUS,EDUTRY,55_64_WOMEN,PC_AGE,A,2016,54.03574,
RUS,EDUTRY,55_64_WOMEN,PC_AGE,A,2017,56.433414,
SVN,EDUTRY,25_34_MEN,PC_AGE,A,2015,30.335545,
SVN,EDUTRY,25_34_MEN,PC_AGE,A,2016,31.913054,
SVN,EDUTRY,25_34_MEN,PC_AGE,A,2017,33.08186,
SVN,EDUTRY,25_34_MEN,PC_AGE,A,2018,29.832224,
SVN,EDUTRY,25_34_WOMEN,PC_AGE,A,2015,52.673042,
SVN,EDUTRY,25_34_WOMEN,PC_AGE,A,2016,54.93259,
SVN,EDUTRY,25_34_WOMEN,PC_AGE,A,2017,56.348812,
SVN,EDUTRY,25_34_WOMEN,PC_AGE,A,2018,53.045414,
SVN,EDUTRY,55_64_MEN,PC_AGE,A,2015,15.844979,
SVN,EDUTRY,55_64_MEN,PC_AGE,A,2016,16.838604,
SVN,EDUTRY,55_64_MEN,PC_AGE,A,2017,18.393322,
SVN,EDUTRY,55_64_MEN,PC_AGE,A,2018,18.598213,
SVN,EDUTRY,55_64_WOMEN,PC_AGE,A,2015,21.945326,
SVN,EDUTRY,55_64_WOMEN,PC_AGE,A,2016,21.422758,
SVN,EDUTRY,55_64_WOMEN,PC_AGE,A,2017,20.951571,
SVN,EDUTRY,55_64_WOMEN,PC_AGE,A,2018,23.596767,
ZAF,EDUTRY,25_34_MEN,PC_AGE,A,2015,4.8759804,
ZAF,EDUTRY,25_34_MEN,PC_AGE,A,2016,4.8876872,
ZAF,EDUTRY,25_34_MEN,PC_AGE,A,2017,5.4983587,
ZAF,EDUTRY,25_34_MEN,PC_AGE,A,2018,4.9468474,
ZAF,EDUTRY,25_34_WOMEN,PC_AGE,A,2015,5.973403,
ZAF,EDUTRY,25_34_WOMEN,PC_AGE,A,2016,5.9403815,
ZAF,EDUTRY,25_34_WOMEN,PC_AGE,A,2017,6.5359545,
ZAF,EDUTRY,25_34_WOMEN,PC_AGE,A,2018,6.2140484,
ZAF,EDUTRY,55_64_MEN,PC_AGE,A,2015,9.0974731,
ZAF,EDUTRY,55_64_MEN,PC_AGE,A,2016,9.4167252,
ZAF,EDUTRY,55_64_MEN,PC_AGE,A,2017,9.8751278,
ZAF,EDUTRY,55_64_MEN,PC_AGE,A,2018,9.9235039,
ZAF,EDUTRY,55_64_WOMEN,PC_AGE,A,2015,7.0939641,
ZAF,EDUTRY,55_64_WOMEN,PC_AGE,A,2016,8.3874779,
ZAF,EDUTRY,55_64_WOMEN,PC_AGE,A,2017,7.8862786,
ZAF,EDUTRY,55_64_WOMEN,PC_AGE,A,2018,8.4783831,
OAVG,EDUTRY,25_34_MEN,PC_AGE,A,2015,36.192359,
OAVG,EDUTRY,25_34_MEN,PC_AGE,A,2016,37.130005,
OAVG,EDUTRY,25_34_MEN,PC_AGE,A,2017,37.824708,
OAVG,EDUTRY,25_34_MEN,PC_AGE,A,2018,38.500549,
OAVG,EDUTRY,25_34_WOMEN,PC_AGE,A,2015,48.289371,
OAVG,EDUTRY,25_34_WOMEN,PC_AGE,A,2016,48.984107,
OAVG,EDUTRY,25_34_WOMEN,PC_AGE,A,2017,49.799037,
OAVG,EDUTRY,25_34_WOMEN,PC_AGE,A,2018,50.843791,
OAVG,EDUTRY,55_64_MEN,PC_AGE,A,2015,25.95982,
OAVG,EDUTRY,55_64_MEN,PC_AGE,A,2016,26.285208,
OAVG,EDUTRY,55_64_MEN,PC_AGE,A,2017,26.300326,
OAVG,EDUTRY,55_64_MEN,PC_AGE,A,2018,26.537559,
OAVG,EDUTRY,55_64_WOMEN,PC_AGE,A,2015,25.401621,
OAVG,EDUTRY,55_64_WOMEN,PC_AGE,A,2016,26.223235,
OAVG,EDUTRY,55_64_WOMEN,PC_AGE,A,2017,26.688046,
OAVG,EDUTRY,55_64_WOMEN,PC_AGE,A,2018,27.524738,
